episode,steps,return
1,200,-578.0
2,200,-614.0
3,200,-632.0
4,200,-587.0
5,200,-551.0
6,200,-641.0
7,200,-650.0
8,200,-380.0
9,200,-542.0
10,166,-271.0
11,200,-452.0
12,200,-299.0
13,200,-272.0
14,200,-614.0
15,200,-632.0
16,200,-479.0
17,200,-308.0
18,200,-254.0
19,200,-227.0
20,200,-425.0
21,200,-551.0
22,200,-263.0
23,200,-542.0
24,200,-443.0
25,200,-209.0
26,200,-263.0
27,137,-134.0
28,200,-245.0
29,200,-272.0
30,200,-245.0
31,200,-587.0
32,200,-227.0
33,200,-308.0
34,200,-245.0
35,200,-254.0
36,200,-281.0
37,200,-614.0
38,200,-254.0
39,200,-353.0
40,200,-569.0
41,188,-212.0
42,200,-506.0
43,200,-326.0
44,200,-245.0
45,200,-317.0
46,200,-317.0
47,200,-245.0
48,200,-263.0
49,200,-380.0
50,200,-272.0
51,146,-152.0
52,200,-254.0
53,151,-211.0
54,200,-281.0
55,200,-272.0
56,200,-263.0
57,200,-272.0
58,200,-245.0
59,200,-272.0
60,200,-326.0
61,200,-227.0
62,200,-236.0
63,200,-371.0
64,200,-281.0
65,200,-326.0
66,200,-314.0
67,200,-272.0
68,200,-353.0
69,200,-317.0
70,81,-123.0
71,200,-263.0
72,200,-236.0
73,200,-290.0
74,200,-344.0
75,146,-170.0
76,200,-245.0
77,200,-245.0
78,14,7.0
79,200,-290.0
80,200,-209.0
81,87,-93.0
82,200,-389.0
83,200,-317.0
84,200,-236.0
85,200,-470.0
86,200,-272.0
87,200,-281.0
88,200,-245.0
89,200,-236.0
90,142,-175.0
91,173,-224.0
92,200,-308.0
93,200,-254.0
94,200,-245.0
95,200,-272.0
96,163,-187.0
97,200,-452.0
98,200,-254.0
99,200,-272.0
100,200,-245.0
101,200,-245.0
102,200,-317.0
103,200,-245.0
104,156,-243.0
105,200,-317.0
106,200,-371.0
107,200,-371.0
108,200,-236.0
109,200,-236.0
110,195,-237.0
111,200,-335.0
112,200,-299.0
113,200,-281.0
114,200,-245.0
115,200,-317.0
116,200,-317.0
117,200,-371.0
118,165,-234.0
119,177,-300.0
120,200,-299.0
121,200,-407.0
122,194,-209.0
123,200,-380.0
124,200,-389.0
125,200,-335.0
126,200,-272.0
127,200,-308.0
128,200,-317.0
129,200,-272.0
130,200,-236.0
131,200,-254.0
132,200,-290.0
133,200,-245.0
134,200,-227.0
135,200,-236.0
136,200,-245.0
137,198,-348.0
138,200,-272.0
139,200,-272.0
140,200,-317.0
141,200,-281.0
142,200,-290.0
143,200,-272.0
144,200,-263.0
145,200,-290.0
146,200,-254.0
147,200,-308.0
148,200,-362.0
149,113,-209.0
150,200,-317.0
151,150,-228.0
152,200,-299.0
153,200,-317.0
154,117,-150.0
155,200,-281.0
156,200,-317.0
157,197,-275.0
158,200,-227.0
159,200,-254.0
160,200,-263.0
161,185,-236.0
162,111,-117.0
163,200,-353.0
164,200,-245.0
165,200,-272.0
166,200,-371.0
167,200,-263.0
168,200,-299.0
169,200,-254.0
170,200,-263.0
171,200,-290.0
172,200,-254.0
173,200,-281.0
174,200,-236.0
175,200,-344.0
176,200,-389.0
177,200,-380.0
178,60,-57.0
179,200,-227.0
180,200,-245.0
181,200,-290.0
182,200,-317.0
183,200,-308.0
184,200,-317.0
185,111,-144.0
186,200,-254.0
187,15,-12.0
188,200,-299.0
189,200,-317.0
190,200,-236.0
191,200,-245.0
192,200,-326.0
193,200,-308.0
194,47,-62.0
195,200,-245.0
196,200,-299.0
197,200,-236.0
198,200,-236.0
199,200,-299.0
200,200,-290.0
201,128,-197.0
202,200,-353.0
203,200,-245.0
204,200,-371.0
205,200,-326.0
206,200,-254.0
207,200,-299.0
208,200,-299.0
209,119,-197.0
210,200,-317.0
211,200,-236.0
212,200,-272.0
213,200,-236.0
214,200,-281.0
215,200,-272.0
216,200,-308.0
217,200,-290.0
218,200,-335.0
219,200,-299.0
220,200,-281.0
221,200,-263.0
222,200,-353.0
223,29,-17.0
224,168,-219.0
225,55,-70.0
226,200,-308.0
227,200,-245.0
228,200,-272.0
229,200,-281.0
230,200,-236.0
231,200,-263.0
232,116,-140.0
233,200,-326.0
234,200,-245.0
235,164,-251.0
236,200,-362.0
237,48,-27.0
238,200,-317.0
239,200,-299.0
240,200,-245.0
241,117,-141.0
242,200,-281.0
243,200,-290.0
244,159,-183.0
245,200,-263.0
246,200,-254.0
247,200,-326.0
248,200,-263.0
249,200,-362.0
250,200,-317.0
251,200,-272.0
252,200,-236.0
253,200,-299.0
254,80,-95.0
255,200,-272.0
256,176,-209.0
257,200,-254.0
258,200,-308.0
259,200,-281.0
260,200,-362.0
261,200,-272.0
262,200,-236.0
263,200,-254.0
264,200,-290.0
265,136,-178.0
266,200,-299.0
267,200,-254.0
268,200,-245.0
269,200,-344.0
270,200,-272.0
271,200,-263.0
272,200,-326.0
273,200,-281.0
274,200,-353.0
275,56,-53.0
276,200,-281.0
277,13,8.0
278,200,-308.0
279,200,-317.0
280,200,-227.0
281,200,-317.0
282,200,-290.0
283,200,-299.0
284,200,-308.0
285,200,-272.0
286,200,-317.0
287,200,-308.0
288,200,-254.0
289,200,-272.0
290,200,-290.0
291,200,-362.0
292,200,-335.0
293,200,-326.0
294,200,-245.0
295,200,-281.0
296,200,-317.0
297,110,-107.0
298,200,-290.0
299,200,-272.0
300,113,-110.0
301,200,-281.0
302,200,-290.0
303,200,-317.0
304,200,-317.0
305,200,-272.0
306,200,-299.0
307,200,-272.0
308,91,-88.0
309,182,-287.0
310,200,-353.0
311,200,-299.0
312,200,-227.0
313,200,-290.0
314,122,-164.0
315,200,-254.0
316,200,-245.0
317,200,-290.0
318,200,-272.0
319,200,-236.0
320,200,-317.0
321,200,-308.0
322,200,-263.0
323,102,-108.0
324,200,-344.0
325,200,-344.0
326,200,-254.0
327,200,-236.0
328,126,-141.0
329,200,-299.0
330,200,-308.0
331,182,-206.0
332,200,-236.0
333,200,-362.0
334,200,-299.0
335,200,-272.0
336,133,-166.0
337,200,-353.0
338,200,-299.0
339,200,-299.0
340,200,-317.0
341,200,-263.0
342,200,-290.0
343,56,-62.0
344,200,-299.0
345,200,-272.0
346,200,-335.0
347,200,-299.0
348,200,-290.0
349,200,-272.0
350,47,-44.0
351,200,-272.0
352,200,-254.0
353,93,-108.0
354,200,-272.0
355,104,-146.0
356,200,-281.0
357,200,-290.0
358,200,-281.0
359,200,-254.0
360,200,-290.0
361,200,-281.0
362,200,-299.0
363,200,-290.0
364,200,-272.0
365,200,-263.0
366,200,-245.0
367,200,-326.0
368,200,-326.0
369,200,-299.0
370,200,-299.0
371,200,-245.0
372,30,-27.0
373,200,-299.0
374,81,-87.0
375,155,-179.0
376,200,-299.0
377,200,-326.0
378,200,-281.0
379,200,-236.0
380,200,-254.0
381,200,-281.0
382,200,-272.0
383,200,-326.0
384,200,-254.0
385,179,-221.0
386,200,-299.0
387,200,-290.0
388,184,-217.0
389,200,-308.0
390,163,-196.0
391,200,-308.0
392,200,-272.0
393,200,-254.0
394,200,-281.0
395,200,-344.0
396,200,-236.0
397,200,-326.0
398,200,-290.0
399,129,-216.0
400,120,-144.0
401,200,-308.0
402,200,-281.0
403,40,-19.0
404,191,-233.0
405,200,-281.0
406,200,-254.0
407,200,-290.0
408,200,-281.0
409,200,-335.0
410,197,-257.0
411,200,-272.0
412,200,-272.0
413,200,-272.0
414,200,-290.0
415,200,-290.0
416,200,-317.0
417,200,-272.0
418,200,-281.0
419,200,-272.0
420,36,-33.0
421,200,-272.0
422,200,-299.0
423,184,-253.0
424,200,-236.0
425,126,-177.0
426,200,-308.0
427,105,-120.0
428,200,-263.0
429,200,-263.0
430,141,-156.0
431,24,-3.0
432,200,-263.0
433,200,-317.0
434,200,-263.0
435,200,-308.0
436,200,-290.0
437,200,-326.0
438,200,-308.0
439,200,-272.0
440,63,-42.0
441,200,-227.0
442,200,-263.0
443,200,-317.0
444,158,-164.0
445,200,-317.0
446,200,-254.0
447,191,-233.0
448,200,-236.0
449,200,-362.0
450,200,-308.0
451,200,-335.0
452,200,-299.0
453,200,-290.0
454,200,-263.0
455,200,-272.0
456,200,-290.0
457,200,-281.0
458,200,-281.0
459,200,-299.0
460,200,-299.0
461,13,-1.0
462,200,-308.0
463,200,-290.0
464,200,-344.0
465,200,-308.0
466,200,-272.0
467,200,-263.0
468,78,-84.0
469,200,-263.0
470,200,-299.0
471,200,-326.0
472,200,-317.0
473,200,-254.0
474,200,-263.0
475,198,-240.0
476,91,-97.0
477,182,-206.0
478,200,-299.0
479,80,-113.0
480,188,-230.0
481,200,-299.0
482,200,-290.0
483,200,-272.0
484,200,-254.0
485,82,-88.0
486,200,-236.0
487,200,-308.0
488,200,-290.0
489,200,-326.0
490,200,-299.0
491,186,-219.0
492,200,-308.0
493,200,-344.0
494,200,-272.0
495,200,-335.0
496,200,-335.0
497,181,-196.0
498,200,-272.0
499,187,-220.0
500,200,-281.0
501,200,-263.0
502,170,-194.0
503,160,-193.0
504,119,-152.0
505,200,-254.0
506,200,-317.0
507,200,-263.0
508,200,-290.0
509,118,-151.0
510,138,-144.0
511,200,-326.0
512,200,-281.0
513,200,-254.0
514,200,-245.0
515,200,-317.0
516,200,-353.0
517,200,-281.0
518,200,-290.0
519,200,-281.0
520,152,-248.0
521,200,-245.0
522,86,-83.0
523,200,-344.0
524,77,-92.0
525,200,-290.0
526,200,-281.0
527,156,-180.0
528,200,-254.0
529,200,-308.0
530,200,-281.0
531,200,-281.0
532,200,-254.0
533,200,-236.0
534,200,-299.0
535,200,-281.0
536,200,-254.0
537,200,-263.0
538,151,-139.0
539,52,-40.0
540,200,-245.0
541,200,-290.0
542,200,-290.0
543,200,-299.0
544,200,-245.0
545,193,-262.0
546,200,-317.0
547,200,-317.0
548,200,-299.0
549,200,-245.0
550,200,-263.0
551,200,-299.0
552,200,-353.0
553,200,-272.0
554,200,-263.0
555,200,-353.0
556,14,7.0
557,200,-245.0
558,200,-281.0
559,200,-326.0
560,84,-99.0
561,194,-272.0
562,200,-281.0
563,200,-299.0
564,95,-119.0
565,184,-226.0
566,200,-263.0
567,134,-176.0
568,200,-299.0
569,200,-272.0
570,200,-398.0
571,200,-281.0
572,200,-236.0
573,200,-263.0
574,200,-281.0
575,200,-263.0
576,200,-272.0
577,132,-156.0
578,200,-290.0
579,200,-263.0
580,129,-162.0
581,200,-335.0
582,200,-290.0
583,200,-227.0
584,200,-218.0
585,200,-308.0
586,200,-263.0
587,200,-245.0
588,184,-235.0
589,200,-326.0
590,90,-114.0
591,200,-254.0
592,84,-81.0
593,135,-186.0
594,200,-272.0
595,200,-326.0
596,200,-326.0
597,200,-245.0
598,200,-263.0
599,200,-245.0
600,200,-290.0
601,200,-269.0
602,200,-281.0
603,200,-326.0
604,200,-281.0
605,147,-189.0
606,200,-245.0
607,200,-272.0
608,135,-159.0
609,200,-299.0
610,200,-272.0
611,87,-84.0
612,132,-156.0
613,200,-308.0
614,200,-218.0
615,99,-105.0
616,200,-308.0
617,200,-281.0
618,200,-317.0
619,53,-77.0
620,103,-136.0
621,200,-290.0
622,200,-254.0
623,200,-299.0
624,200,-254.0
625,200,-344.0
626,200,-263.0
627,182,-233.0
628,200,-290.0
629,200,-308.0
630,200,-272.0
631,200,-299.0
632,59,-65.0
633,200,-290.0
634,200,-299.0
635,191,-224.0
636,200,-281.0
637,159,-210.0
638,200,-335.0
639,198,-258.0
640,159,-228.0
641,21,0.0
642,200,-281.0
643,200,-290.0
644,200,-290.0
645,200,-290.0
646,200,-308.0
647,200,-263.0
648,200,-272.0
649,125,-122.0
650,149,-191.0
651,200,-272.0
652,200,-245.0
653,200,-308.0
654,200,-263.0
655,200,-335.0
656,139,-136.0
657,200,-272.0
658,200,-299.0
659,189,-258.0
660,200,-290.0
661,200,-254.0
662,63,-87.0
663,200,-254.0
664,200,-254.0
665,200,-272.0
666,200,-299.0
667,200,-236.0
668,200,-317.0
669,200,-299.0
670,200,-317.0
671,104,-137.0
672,157,-199.0
673,92,-71.0
674,200,-290.0
675,200,-245.0
676,139,-181.0
677,200,-263.0
678,200,-272.0
679,67,-55.0
680,136,-196.0
681,200,-290.0
682,200,-308.0
683,200,-308.0
684,123,-147.0
685,200,-290.0
686,182,-188.0
687,200,-281.0
688,200,-290.0
689,200,-290.0
690,19,2.0
691,82,-79.0
692,200,-281.0
693,51,-57.0
694,200,-299.0
695,200,-326.0
696,200,-254.0
697,200,-326.0
698,53,-50.0
699,160,-211.0
700,42,-30.0
701,200,-254.0
702,200,-299.0
703,145,-178.0
704,200,-263.0
705,200,-254.0
706,158,-218.0
707,200,-353.0
708,200,-245.0
709,200,-236.0
710,142,-130.0
711,200,-245.0
712,200,-263.0
713,200,-281.0
714,200,-245.0
715,88,-103.0
716,200,-254.0
717,200,-272.0
718,178,-256.0
719,200,-272.0
720,84,-90.0
721,131,-164.0
722,23,-20.0
723,200,-245.0
724,200,-272.0
725,200,-272.0
726,195,-228.0
727,144,-159.0
728,200,-299.0
729,200,-281.0
730,200,-263.0
731,158,-236.0
732,200,-263.0
733,200,-263.0
734,200,-254.0
735,200,-362.0
736,200,-308.0
737,200,-272.0
738,154,-133.0
739,48,-45.0
740,36,-15.0
741,200,-290.0
742,200,-272.0
743,44,-41.0
744,197,-266.0
745,200,-299.0
746,200,-272.0
747,200,-281.0
748,107,-131.0
749,200,-236.0
750,200,-281.0
751,200,-245.0
752,200,-335.0
753,200,-317.0
754,68,-65.0
755,200,-308.0
756,78,-75.0
757,200,-317.0
758,198,-222.0
759,137,-179.0
760,200,-290.0
761,200,-272.0
762,200,-299.0
763,31,-10.0
764,200,-272.0
765,102,-117.0
766,200,-254.0
767,200,-308.0
768,175,-235.0
769,200,-299.0
770,200,-281.0
771,200,-245.0
772,200,-272.0
773,200,-245.0
774,200,-281.0
775,200,-272.0
776,169,-211.0
777,200,-272.0
778,57,-72.0
779,200,-272.0
780,169,-193.0
781,200,-245.0
782,200,-281.0
783,148,-190.0
784,173,-206.0
785,144,-168.0
786,200,-245.0
787,135,-177.0
788,191,-188.0
789,86,-74.0
790,200,-272.0
791,200,-281.0
792,200,-236.0
793,193,-235.0
794,200,-209.0
795,200,-317.0
796,200,-299.0
797,200,-254.0
798,200,-254.0
799,200,-308.0
800,43,-22.0
801,200,-272.0
802,88,-103.0
803,200,-299.0
804,200,-281.0
805,200,-299.0
806,200,-299.0
807,200,-290.0
808,179,-257.0
809,200,-308.0
810,119,-161.0
811,200,-281.0
812,176,-200.0
813,200,-290.0
814,200,-245.0
815,144,-195.0
816,73,-70.0
817,200,-281.0
818,200,-272.0
819,113,-128.0
820,200,-281.0
821,200,-335.0
822,200,-245.0
823,134,-176.0
824,200,-272.0
825,200,-272.0
826,179,-248.0
827,200,-263.0
828,112,-163.0
829,180,-204.0
830,63,-60.0
831,200,-272.0
832,101,-89.0
833,200,-290.0
834,197,-221.0
835,200,-290.0
836,200,-317.0
837,200,-272.0
838,200,-263.0
839,76,-64.0
840,26,-5.0
841,200,-263.0
842,200,-254.0
843,200,-290.0
844,200,-281.0
845,137,-152.0
846,200,-344.0
847,200,-254.0
848,159,-183.0
849,83,-89.0
850,200,-272.0
851,101,-116.0
852,137,-161.0
853,200,-272.0
854,137,-170.0
855,200,-272.0
856,200,-290.0
857,200,-335.0
858,200,-290.0
859,22,-1.0
860,200,-281.0
861,164,-215.0
862,169,-211.0
863,200,-272.0
864,133,-184.0
865,176,-227.0
866,200,-344.0
867,194,-254.0
868,200,-272.0
869,200,-344.0
870,200,-290.0
871,200,-245.0
872,182,-224.0
873,200,-272.0
874,178,-229.0
875,200,-218.0
876,200,-299.0
877,200,-236.0
878,73,-70.0
879,200,-272.0
880,200,-299.0
881,97,-103.0
882,200,-290.0
883,70,-76.0
884,200,-281.0
885,200,-281.0
886,200,-281.0
887,119,-125.0
888,200,-299.0
889,200,-371.0
890,200,-245.0
891,200,-227.0
892,138,-171.0
893,83,-89.0
894,200,-263.0
895,200,-308.0
896,200,-290.0
897,200,-272.0
898,19,-7.0
899,96,-75.0
900,144,-141.0
901,126,-141.0
902,200,-290.0
903,167,-182.0
904,200,-335.0
905,200,-308.0
906,200,-272.0
907,200,-299.0
908,200,-263.0
909,200,-263.0
910,52,-67.0
911,153,-177.0
912,200,-272.0
913,109,-133.0
914,14,7.0
915,200,-263.0
916,200,-326.0
917,114,-129.0
918,200,-263.0
919,200,-272.0
920,200,-281.0
921,200,-281.0
922,200,-272.0
923,85,-91.0
924,157,-208.0
925,200,-245.0
926,68,-65.0
927,193,-298.0
928,88,-103.0
929,200,-263.0
930,200,-236.0
931,104,-119.0
932,56,-44.0
933,200,-263.0
934,200,-218.0
935,200,-308.0
936,200,-281.0
937,157,-190.0
938,200,-254.0
939,200,-281.0
940,200,-290.0
941,200,-281.0
942,200,-245.0
943,200,-299.0
944,135,-141.0
945,200,-272.0
946,200,-272.0
947,165,-162.0
948,200,-299.0
949,200,-308.0
950,200,-290.0
951,200,-245.0
952,200,-245.0
953,152,-194.0
954,200,-299.0
955,200,-236.0
956,200,-254.0
957,13,8.0
958,102,-117.0
959,200,-290.0
960,200,-290.0
961,200,-299.0
962,200,-326.0
963,92,-107.0
964,200,-254.0
965,163,-169.0
966,197,-248.0
967,118,-124.0
968,160,-202.0
969,200,-272.0
970,34,-22.0
971,200,-263.0
972,16,-4.0
973,200,-245.0
974,200,-272.0
975,137,-179.0
976,200,-335.0
977,195,-237.0
978,174,-207.0
979,200,-263.0
980,177,-264.0
981,71,-77.0
982,116,-122.0
983,200,-290.0
984,25,-4.0
985,32,-11.0
986,200,-281.0
987,200,-290.0
988,200,-263.0
989,200,-272.0
990,200,-317.0
991,200,-308.0
992,148,-199.0
993,200,-290.0
994,200,-245.0
995,200,-263.0
996,73,-70.0
997,200,-308.0
998,200,-290.0
999,200,-263.0
1000,123,-147.0
1001,182,-188.0
1002,200,-281.0
1003,200,-272.0
1004,195,-282.0
1005,200,-263.0
1006,118,-133.0
1007,200,-263.0
1008,200,-335.0
1009,94,-118.0
1010,105,-129.0
1011,200,-281.0
1012,200,-299.0
1013,200,-326.0
1014,200,-308.0
1015,163,-178.0
1016,160,-193.0
1017,56,-80.0
1018,200,-263.0
1019,103,-145.0
1020,200,-308.0
1021,108,-123.0
1022,200,-308.0
1023,200,-263.0
1024,86,-74.0
1025,200,-254.0
1026,200,-290.0
1027,200,-245.0
1028,176,-245.0
1029,200,-263.0
1030,101,-107.0
1031,200,-290.0
1032,200,-290.0
1033,71,-59.0
1034,200,-254.0
1035,200,-299.0
1036,200,-245.0
1037,200,-290.0
1038,200,-308.0
1039,200,-272.0
1040,81,-105.0
1041,125,-131.0
1042,169,-247.0
1043,171,-195.0
1044,200,-299.0
1045,200,-290.0
1046,129,-108.0
1047,57,-63.0
1048,36,-24.0
1049,200,-281.0
1050,200,-281.0
1051,124,-166.0
1052,200,-281.0
1053,200,-272.0
1054,100,-106.0
1055,200,-299.0
1056,200,-272.0
1057,200,-290.0
1058,184,-244.0
1059,200,-308.0
1060,187,-301.0
1061,200,-254.0
1062,200,-290.0
1063,183,-234.0
1064,122,-164.0
1065,200,-263.0
1066,200,-254.0
1067,135,-177.0
1068,200,-272.0
1069,200,-272.0
1070,182,-206.0
1071,200,-308.0
1072,133,-148.0
1073,176,-227.0
1074,200,-272.0
1075,200,-299.0
1076,81,-105.0
1077,157,-199.0
1078,200,-281.0
1079,200,-236.0
1080,200,-245.0
1081,44,-41.0
1082,200,-263.0
1083,200,-299.0
1084,75,-63.0
1085,25,-13.0
1086,200,-272.0
1087,200,-335.0
1088,118,-133.0
1089,200,-263.0
1090,191,-305.0
1091,200,-290.0
1092,200,-299.0
1093,200,-263.0
1094,200,-272.0
1095,200,-290.0
1096,200,-290.0
1097,125,-185.0
1098,191,-251.0
1099,200,-290.0
1100,8,13.0
1101,99,-132.0
1102,78,-102.0
1103,200,-272.0
1104,183,-288.0
1105,200,-290.0
1106,200,-263.0
1107,85,-127.0
1108,200,-308.0
1109,69,-75.0
1110,77,-101.0
1111,200,-299.0
1112,78,-93.0
1113,89,-95.0
1114,57,-45.0
1115,156,-189.0
1116,200,-227.0
1117,200,-245.0
1118,200,-263.0
1119,143,-149.0
1120,200,-317.0
1121,199,-250.0
1122,200,-326.0
1123,133,-139.0
1124,200,-236.0
1125,200,-245.0
1126,102,-153.0
1127,200,-290.0
1128,200,-317.0
1129,200,-227.0
1130,200,-326.0
1131,200,-236.0
1132,34,-22.0
1133,121,-127.0
1134,159,-228.0
1135,25,-13.0
1136,200,-245.0
1137,200,-263.0
1138,55,-34.0
1139,89,-95.0
1140,144,-186.0
1141,109,-151.0
1142,200,-272.0
1143,180,-195.0
1144,107,-176.0
1145,200,-227.0
1146,200,-281.0
1147,87,-120.0
1148,200,-272.0
1149,75,-90.0
1150,200,-236.0
1151,200,-227.0
1152,200,-263.0
1153,200,-281.0
1154,200,-326.0
1155,51,-39.0
1156,200,-290.0
1157,114,-147.0
1158,185,-254.0
1159,29,-8.0
1160,110,-116.0
1161,31,-28.0
1162,40,-28.0
1163,200,-263.0
1164,153,-159.0
1165,200,-209.0
1166,47,-26.0
1167,200,-227.0
1168,200,-263.0
1169,31,-10.0
1170,122,-146.0
1171,200,-299.0
1172,57,-54.0
1173,124,-157.0
1174,81,-96.0
1175,47,-44.0
1176,200,-254.0
1177,151,-184.0
1178,72,-87.0
1179,200,-272.0
1180,200,-272.0
1181,200,-290.0
1182,96,-102.0
1183,200,-281.0
1184,69,-84.0
1185,59,-56.0
1186,200,-308.0
1187,200,-254.0
1188,200,-263.0
1189,80,-95.0
1190,200,-245.0
1191,187,-238.0
1192,101,-107.0
1193,200,-326.0
1194,9,3.0
1195,200,-272.0
1196,34,-22.0
1197,200,-335.0
1198,164,-197.0
1199,80,-95.0
1200,48,-45.0
1201,55,-61.0
1202,200,-281.0
1203,146,-188.0
1204,177,-201.0
1205,26,-5.0
1206,200,-317.0
1207,200,-299.0
1208,52,-58.0
1209,200,-299.0
1210,200,-290.0
1211,169,-193.0
1212,176,-209.0
1213,70,-103.0
1214,92,-134.0
1215,200,-281.0
1216,132,-165.0
1217,200,-260.0
1218,36,-42.0
1219,200,-290.0
1220,200,-263.0
1221,200,-254.0
1222,200,-227.0
1223,67,-82.0
1224,200,-245.0
1225,200,-317.0
1226,171,-195.0
1227,200,-263.0
1228,200,-245.0
1229,24,-3.0
1230,200,-281.0
1231,200,-281.0
1232,200,-308.0
1233,200,-245.0
1234,200,-245.0
1235,15,6.0
1236,23,-20.0
1237,85,-109.0
1238,200,-281.0
1239,63,-51.0
1240,200,-272.0
1241,80,-86.0
1242,168,-210.0
1243,112,-100.0
1244,200,-290.0
1245,112,-118.0
1246,200,-299.0
1247,31,-10.0
1248,200,-272.0
1249,159,-210.0
1250,171,-186.0
1251,87,-93.0
1252,200,-290.0
1253,26,-14.0
1254,165,-207.0
1255,200,-254.0
1256,200,-272.0
1257,200,-290.0
1258,48,-54.0
1259,200,-281.0
1260,200,-272.0
1261,200,-263.0
1262,200,-326.0
1263,200,-281.0
1264,28,-7.0
1265,200,-299.0
1266,200,-308.0
1267,93,-99.0
1268,200,-353.0
1269,11,1.0
1270,168,-201.0
1271,150,-147.0
1272,120,-162.0
1273,200,-263.0
1274,200,-344.0
1275,200,-254.0
1276,200,-344.0
1277,200,-299.0
1278,179,-257.0
1279,200,-263.0
1280,184,-217.0
1281,143,-203.0
1282,149,-200.0
1283,200,-281.0
1284,78,-84.0
1285,200,-236.0
1286,200,-272.0
1287,20,1.0
1288,90,-105.0
1289,200,-281.0
1290,101,-107.0
1291,200,-308.0
1292,200,-281.0
1293,200,-263.0
1294,200,-281.0
1295,53,-68.0
1296,200,-299.0
1297,125,-149.0
1298,200,-254.0
1299,118,-133.0
1300,200,-290.0
1301,109,-115.0
1302,200,-299.0
1303,200,-281.0
1304,200,-281.0
1305,185,-290.0
1306,200,-281.0
1307,200,-296.0
1308,105,-102.0
1309,200,-236.0
1310,200,-290.0
1311,182,-224.0
1312,200,-254.0
1313,24,-3.0
1314,200,-263.0
1315,68,-83.0
1316,200,-272.0
1317,200,-263.0
1318,200,-281.0
1319,200,-299.0
1320,67,-64.0
1321,200,-290.0
1322,200,-281.0
1323,200,-236.0
1324,27,-6.0
1325,200,-272.0
1326,30,-27.0
1327,200,-272.0
1328,189,-222.0
1329,106,-112.0
1330,19,2.0
1331,72,-78.0
1332,85,-91.0
1333,200,-290.0
1334,106,-121.0
1335,105,-93.0
1336,44,-32.0
1337,200,-299.0
1338,98,-131.0
1339,200,-308.0
1340,200,-308.0
1341,200,-281.0
1342,81,-123.0
1343,133,-184.0
1344,200,-281.0
1345,200,-245.0
1346,69,-66.0
1347,200,-317.0
1348,134,-158.0
1349,82,-88.0
1350,184,-235.0
1351,200,-290.0
1352,99,-123.0
1353,176,-200.0
1354,150,-165.0
1355,180,-204.0
1356,112,-118.0
1357,200,-281.0
1358,200,-290.0
1359,200,-227.0
1360,200,-272.0
1361,166,-208.0
1362,184,-208.0
1363,177,-219.0
1364,200,-281.0
1365,30,-9.0
1366,23,-2.0
1367,185,-218.0
1368,200,-281.0
1369,155,-188.0
1370,200,-281.0
1371,115,-130.0
1372,200,-254.0
1373,98,-113.0
1374,187,-220.0
1375,122,-155.0
1376,158,-182.0
1377,156,-216.0
1378,200,-299.0
1379,135,-132.0
1380,200,-254.0
1381,200,-263.0
1382,200,-290.0
1383,76,-100.0
1384,200,-272.0
1385,200,-290.0
1386,82,-79.0
1387,200,-245.0
1388,200,-272.0
1389,200,-281.0
1390,138,-171.0
1391,89,-95.0
1392,150,-165.0
1393,59,-65.0
1394,182,-215.0
1395,194,-245.0
1396,183,-252.0
1397,180,-222.0
1398,48,-45.0
1399,127,-142.0
1400,200,-272.0
1401,41,-29.0
1402,150,-156.0
1403,159,-174.0
1404,100,-115.0
1405,200,-272.0
1406,147,-162.0
1407,86,-119.0
1408,200,-290.0
1409,97,-85.0
1410,18,3.0
1411,200,-254.0
1412,200,-263.0
1413,200,-281.0
1414,101,-116.0
1415,200,-254.0
1416,200,-254.0
1417,72,-87.0
1418,51,-57.0
1419,171,-231.0
1420,182,-179.0
1421,200,-245.0
1422,200,-263.0
1423,200,-254.0
1424,200,-281.0
1425,53,-41.0
1426,200,-272.0
1427,127,-169.0
1428,200,-272.0
1429,200,-272.0
1430,195,-282.0
1431,181,-241.0
1432,200,-308.0
1433,145,-187.0
1434,200,-299.0
1435,162,-222.0
1436,154,-196.0
1437,84,-117.0
1438,189,-240.0
1439,118,-142.0
1440,154,-178.0
1441,200,-263.0
1442,200,-290.0
1443,200,-299.0
1444,200,-245.0
1445,199,-277.0
1446,26,-14.0
1447,200,-362.0
1448,129,-162.0
1449,170,-239.0
1450,138,-135.0
1451,174,-225.0
1452,200,-263.0
1453,98,-95.0
1454,133,-202.0
1455,177,-183.0
1456,186,-264.0
1457,200,-290.0
1458,200,-218.0
1459,121,-118.0
1460,200,-272.0
1461,101,-125.0
1462,133,-139.0
1463,200,-317.0
1464,200,-290.0
1465,200,-290.0
1466,83,-89.0
1467,74,-71.0
1468,200,-299.0
1469,200,-263.0
1470,200,-263.0
1471,124,-157.0
1472,135,-177.0
1473,200,-326.0
1474,36,-24.0
1475,18,3.0
1476,173,-242.0
1477,87,-120.0
1478,19,-7.0
1479,26,-14.0
1480,192,-225.0
1481,200,-227.0
1482,200,-326.0
1483,172,-169.0
1484,79,-94.0
1485,101,-98.0
1486,86,-74.0
1487,188,-203.0
1488,200,-263.0
1489,200,-317.0
1490,110,-134.0
1491,131,-191.0
1492,200,-263.0
1493,200,-317.0
1494,200,-236.0
1495,200,-281.0
1496,88,-76.0
1497,164,-170.0
1498,49,-37.0
1499,180,-213.0
1500,200,-281.0
1501,200,-209.0
1502,79,-112.0
1503,197,-266.0
1504,200,-290.0
1505,117,-150.0
1506,200,-272.0
1507,19,-7.0
1508,154,-223.0
1509,189,-258.0
1510,133,-157.0
1511,10,11.0
1512,200,-281.0
1513,200,-290.0
1514,200,-254.0
1515,91,-124.0
1516,200,-254.0
1517,176,-218.0
1518,200,-254.0
1519,95,-128.0
1520,176,-227.0
1521,107,-131.0
1522,200,-272.0
1523,200,-263.0
1524,200,-236.0
1525,200,-272.0
1526,92,-107.0
1527,200,-245.0
1528,69,-102.0
1529,151,-166.0
1530,77,-92.0
1531,37,-43.0
1532,49,-28.0
1533,105,-102.0
1534,97,-112.0
1535,111,-108.0
1536,200,-272.0
1537,200,-272.0
1538,51,-30.0
1539,176,-209.0
1540,200,-272.0
1541,87,-111.0
1542,148,-235.0
1543,200,-281.0
1544,200,-272.0
1545,141,-210.0
1546,200,-272.0
1547,99,-150.0
1548,177,-264.0
1549,166,-244.0
1550,176,-245.0
1551,101,-107.0
1552,190,-223.0
1553,200,-263.0
1554,100,-160.0
1555,114,-120.0
1556,130,-172.0
1557,200,-254.0
1558,200,-227.0
1559,86,-137.0
1560,199,-241.0
1561,200,-281.0
1562,184,-235.0
1563,102,-135.0
1564,200,-245.0
1565,38,-44.0
1566,144,-186.0
1567,55,-43.0
1568,117,-150.0
1569,101,-152.0
1570,91,-124.0
1571,8,13.0
1572,22,-10.0
1573,35,-14.0
1574,200,-290.0
1575,200,-308.0
1576,197,-221.0
1577,119,-143.0
1578,189,-222.0
1579,194,-236.0
1580,200,-308.0
1581,200,-263.0
1582,200,-290.0
1583,200,-290.0
1584,200,-281.0
1585,200,-326.0
1586,161,-203.0
1587,191,-251.0
1588,187,-238.0
1589,15,6.0
1590,200,-263.0
1591,200,-254.0
1592,161,-239.0
1593,200,-236.0
1594,142,-157.0
1595,200,-236.0
1596,70,-67.0
1597,46,-43.0
1598,116,-140.0
1599,21,0.0
1600,200,-281.0
1601,200,-272.0
1602,143,-167.0
1603,177,-228.0
1604,50,-38.0
1605,154,-178.0
1606,123,-147.0
1607,200,-290.0
1608,32,-38.0
1609,75,-90.0
1610,77,-101.0
1611,200,-263.0
1612,163,-196.0
1613,200,-299.0
1614,200,-290.0
1615,200,-263.0
1616,200,-281.0
1617,109,-124.0
1618,32,-11.0
1619,82,-115.0
1620,200,-290.0
1621,165,-207.0
1622,153,-168.0
1623,112,-109.0
1624,200,-281.0
1625,200,-245.0
1626,152,-203.0
1627,200,-254.0
1628,48,-27.0
1629,200,-263.0
1630,200,-236.0
1631,200,-254.0
1632,200,-299.0
1633,200,-281.0
1634,112,-118.0
1635,200,-317.0
1636,102,-144.0
1637,200,-335.0
1638,69,-84.0
1639,8,13.0
1640,40,-28.0
1641,51,-57.0
1642,161,-194.0
1643,101,-89.0
1644,65,-62.0
1645,71,-59.0
1646,171,-213.0
1647,138,-216.0
1648,154,-160.0
1649,90,-105.0
1650,194,-227.0
1651,200,-308.0
1652,200,-254.0
1653,200,-263.0
1654,135,-123.0
1655,200,-272.0
1656,177,-237.0
1657,98,-122.0
1658,142,-139.0
1659,200,-290.0
1660,200,-281.0
1661,49,-46.0
1662,158,-254.0
1663,200,-233.0
1664,102,-108.0
1665,161,-230.0
1666,88,-94.0
1667,93,-108.0
1668,200,-281.0
1669,100,-124.0
1670,200,-290.0
1671,36,-15.0
1672,65,-71.0
1673,200,-236.0
1674,122,-146.0
1675,200,-254.0
1676,159,-201.0
1677,75,-81.0
1678,129,-171.0
1679,200,-299.0
1680,200,-308.0
1681,156,-189.0
1682,200,-254.0
1683,180,-222.0
1684,132,-156.0
1685,129,-144.0
1686,153,-195.0
1687,102,-117.0
1688,200,-245.0
1689,69,-75.0
1690,200,-299.0
1691,45,-33.0
1692,200,-272.0
1693,200,-326.0
1694,193,-253.0
1695,183,-234.0
1696,193,-244.0
1697,200,-299.0
1698,200,-299.0
1699,158,-200.0
1700,200,-299.0
1701,200,-317.0
1702,200,-263.0
1703,197,-275.0
1704,200,-272.0
1705,125,-176.0
1706,200,-281.0
1707,101,-125.0
1708,117,-150.0
1709,200,-290.0
1710,119,-143.0
1711,200,-254.0
1712,200,-281.0
1713,200,-263.0
1714,188,-221.0
1715,9,12.0
1716,177,-192.0
1717,14,-2.0
1718,200,-263.0
1719,54,-78.0
1720,145,-187.0
1721,191,-242.0
1722,138,-162.0
1723,200,-227.0
1724,158,-182.0
1725,81,-78.0
1726,200,-317.0
1727,163,-196.0
1728,151,-193.0
1729,147,-153.0
1730,200,-236.0
1731,200,-326.0
1732,112,-118.0
1733,200,-317.0
1734,136,-133.0
1735,116,-131.0
1736,200,-272.0
1737,200,-308.0
1738,51,-30.0
1739,91,-88.0
1740,200,-299.0
1741,116,-149.0
1742,38,-17.0
1743,105,-129.0
1744,163,-205.0
1745,158,-200.0
1746,129,-162.0
1747,200,-281.0
1748,39,-27.0
1749,200,-281.0
1750,192,-225.0
1751,200,-263.0
1752,171,-177.0
1753,200,-227.0
1754,62,-59.0
1755,200,-263.0
1756,200,-299.0
1757,200,-263.0
1758,152,-212.0
1759,200,-263.0
1760,47,-35.0
1761,127,-151.0
1762,193,-253.0
1763,200,-254.0
1764,141,-147.0
1765,152,-185.0
1766,46,-52.0
1767,137,-179.0
1768,58,-64.0
1769,200,-209.0
1770,77,-83.0
1771,94,-100.0
1772,105,-120.0
1773,200,-299.0
1774,195,-219.0
1775,200,-245.0
1776,95,-119.0
1777,43,-31.0
1778,200,-263.0
1779,176,-209.0
1780,91,-79.0
1781,115,-139.0
1782,36,-42.0
1783,199,-259.0
1784,200,-317.0
1785,81,-78.0
1786,200,-308.0
1787,27,-24.0
1788,200,-281.0
1789,168,-201.0
1790,200,-290.0
1791,60,-48.0
1792,131,-173.0
1793,69,-57.0
1794,75,-72.0
1795,200,-290.0
1796,151,-184.0
1797,140,-137.0
1798,200,-299.0
1799,200,-254.0
1800,45,-42.0
1801,44,-50.0
1802,200,-272.0
1803,13,8.0
1804,200,-317.0
1805,126,-168.0
1806,133,-202.0
1807,120,-162.0
1808,151,-148.0
1809,126,-177.0
1810,200,-299.0
1811,111,-117.0
1812,200,-317.0
1813,142,-157.0
1814,185,-254.0
1815,128,-170.0
1816,75,-63.0
1817,200,-299.0
1818,200,-227.0
1819,35,-14.0
1820,96,-120.0
1821,47,-35.0
1822,200,-281.0
1823,64,-52.0
1824,200,-299.0
1825,114,-147.0
1826,200,-299.0
1827,132,-165.0
1828,200,-299.0
1829,169,-202.0
1830,159,-174.0
1831,97,-112.0
1832,122,-137.0
1833,200,-263.0
1834,200,-254.0
1835,135,-159.0
1836,187,-229.0
1837,200,-272.0
1838,171,-240.0
1839,182,-188.0
1840,200,-281.0
1841,68,-83.0
1842,200,-290.0
1843,8,4.0
1844,55,-52.0
1845,200,-263.0
1846,175,-208.0
1847,200,-272.0
1848,66,-72.0
1849,180,-222.0
1850,134,-131.0
1851,119,-143.0
1852,87,-84.0
1853,200,-263.0
1854,184,-226.0
1855,196,-229.0
1856,143,-230.0
1857,200,-236.0
1858,200,-272.0
1859,200,-269.0
1860,185,-218.0
1861,120,-153.0
1862,140,-227.0
1863,70,-76.0
1864,96,-111.0
1865,160,-175.0
1866,200,-245.0
1867,200,-281.0
1868,149,-182.0
1869,97,-130.0
1870,200,-281.0
1871,196,-274.0
1872,134,-176.0
1873,176,-227.0
1874,79,-103.0
1875,99,-123.0
1876,200,-254.0
1877,200,-299.0
1878,129,-153.0
1879,200,-326.0
1880,199,-268.0
1881,79,-67.0
1882,161,-194.0
1883,143,-158.0
1884,200,-263.0
1885,200,-299.0
1886,200,-299.0
1887,98,-131.0
1888,169,-166.0
1889,125,-158.0
1890,174,-171.0
1891,68,-47.0
1892,74,-89.0
1893,200,-308.0
1894,125,-113.0
1895,200,-326.0
1896,122,-101.0
1897,32,-20.0
1898,114,-129.0
1899,142,-175.0
1900,111,-117.0
1901,167,-209.0
1902,191,-206.0
1903,124,-148.0
1904,200,-317.0
1905,90,-87.0
1906,175,-208.0
1907,166,-172.0
1908,200,-272.0
1909,91,-88.0
1910,200,-245.0
1911,45,-33.0
1912,31,-10.0
1913,59,-56.0
1914,77,-83.0
1915,200,-290.0
1916,200,-281.0
1917,200,-308.0
1918,81,-87.0
1919,66,-90.0
1920,87,-102.0
1921,177,-192.0
1922,200,-290.0
1923,144,-177.0
1924,19,-7.0
1925,200,-308.0
1926,200,-272.0
1927,200,-299.0
1928,115,-166.0
1929,109,-124.0
1930,132,-156.0
1931,62,-77.0
1932,113,-92.0
1933,200,-263.0
1934,200,-272.0
1935,93,-117.0
1936,120,-135.0
1937,173,-224.0
1938,200,-290.0
1939,92,-116.0
1940,113,-128.0
1941,175,-190.0
1942,200,-254.0
1943,194,-236.0
1944,168,-183.0
1945,45,-51.0
1946,200,-299.0
1947,61,-49.0
1948,200,-254.0
1949,200,-236.0
1950,126,-168.0
1951,86,-119.0
1952,62,-41.0
1953,143,-185.0
1954,200,-272.0
1955,129,-153.0
1956,200,-272.0
1957,188,-257.0
1958,112,-109.0
1959,88,-112.0
1960,200,-236.0
1961,28,-16.0
1962,200,-263.0
1963,147,-189.0
1964,140,-173.0
1965,178,-202.0
1966,200,-254.0
1967,69,-93.0
1968,200,-299.0
1969,25,-4.0
1970,200,-263.0
1971,149,-182.0
1972,200,-281.0
1973,200,-317.0
1974,91,-97.0
1975,200,-290.0
1976,170,-221.0
1977,122,-128.0
1978,200,-281.0
1979,136,-124.0
1980,126,-168.0
1981,67,-55.0
1982,199,-250.0
1983,128,-152.0
1984,41,-47.0
1985,104,-101.0
1986,96,-102.0
1987,200,-236.0
1988,200,-263.0
1989,140,-173.0
1990,200,-281.0
1991,18,3.0
1992,95,-83.0
1993,200,-281.0
1994,42,-48.0
1995,57,-54.0
1996,158,-191.0
1997,151,-184.0
1998,41,-38.0
1999,154,-214.0
2000,31,-19.0
